{
  "music.credits": {
      "replace": true,
      "sounds": [
          {
              "name": "music/game/end/credits",
              "stream": true
          },
          {
              "name": "music/game/end/alpha",
              "stream": true
          }
      ]
  },
  "music.dragon": {
      "replace": true,
      "sounds": [
          {
              "name": "music/game/end/boss",
              "stream": true
          }
      ]
  },
  "music.end": {
      "replace": true,
      "sounds": [
          {
              "name": "music/game/end/end",
              "stream": true
          },
          {
              "name": "music/game/end/the_end",
              "stream": true
          }
      ]
  },
  "music.game": {
      "replace": true,
      "sounds": [
          {
              "name": "music/game/calm1",
              "stream": true
          },
          {
              "name": "music/game/calm2",
              "stream": true
          },
          {
              "name": "music/game/calm3",
              "stream": true
          },
          {
              "name": "music/game/hal1",
              "stream": true
          },
          {
              "name": "music/game/hal2",
              "stream": true
          },
          {
              "name": "music/game/hal3",
              "stream": true
          },
          {
              "name": "music/game/hal4",
              "stream": true
          },
          {
              "name": "music/game/nuance1",
              "stream": true
          },
          {
              "name": "music/game/nuance2",
              "stream": true
          },
          {
              "name": "music/game/piano1",
              "stream": true
          },
          {
              "name": "music/game/piano2",
              "stream": true
          },
          {
              "name": "music/game/piano3",
              "stream": true
          },
          {
              "name": "music/game/clark",
              "stream": true
          },
          {
              "name": "music/game/danny",
              "stream": true
          },
          {
              "name": "music/game/dry_hands",
              "stream": true
          },
          {
              "name": "music/game/haggstrom",
              "stream": true
          },
          {
              "name": "music/game/key",
              "stream": true
          },
          {
              "name": "music/game/living_mice",
              "stream": true
          },
          {
              "name": "music/game/mice_on_venus",
              "stream": true
          },
          {
              "name": "music/game/minecraft",
              "stream": true
          },
          {
              "name": "music/game/oxygene",
              "stream": true
          },
          {
              "name": "music/game/subwoofer_lullaby",
              "stream": true
          },
          {
              "name": "music/game/sweden",
              "stream": true
          },
          {
              "name": "music/game/wet_hands",
              "stream": true
          },
          {
            "name": "music/game/water/shuniji",
            "stream": true
          }
      ]
  },
  "music.menu": {
      "replace": true,
      "sounds": [
          {
              "name": "music/menu/menu1",
              "stream": true
          },
          {
              "name": "music/menu/menu2",
              "stream": true
          },
          {
              "name": "music/menu/menu3",
              "stream": true
          },
          {
              "name": "music/menu/menu4",
              "stream": true
          },
          {
              "name": "music/menu/beginning_2",
              "stream": true
          },
          {
              "name": "music/menu/floating_trees",
              "stream": true
          },
          {
              "name": "music/menu/moog_city_2",
              "stream": true
          },
          {
              "name": "music/menu/mutation",
              "stream": true
          }
      ]
  },
  "music.nether.basalt_deltas": {
      "replace": true,
      "sounds": [
          {
              "name": "music/game/nether/nether1",
              "stream": true
          },
          {
              "name": "music/game/nether/nether2",
              "stream": true
          },
          {
              "name": "music/game/nether/nether3",
              "stream": true
          },
          {
              "name": "music/game/nether/nether4",
              "stream": true
          },
          {
              "name": "music/game/nether/ballad_of_the_cats",
              "stream": true
          },
          {
              "name": "music/game/nether/concrete_halls",
              "stream": true
          },
          {
              "name": "music/game/nether/dead_voxel",
              "stream": true
          },
          {
              "name": "music/game/nether/warmth",
              "stream": true
          }
      ]
  },
  "music.nether.crimson_forest": {
      "replace": true,
      "sounds": [
          {
              "name": "music/game/nether/nether1",
              "stream": true
          },
          {
              "name": "music/game/nether/nether2",
              "stream": true
          },
          {
              "name": "music/game/nether/nether3",
              "stream": true
          },
          {
              "name": "music/game/nether/nether4",
              "stream": true
          },
          {
              "name": "music/game/nether/ballad_of_the_cats",
              "stream": true
          },
          {
              "name": "music/game/nether/concrete_halls",
              "stream": true
          },
          {
              "name": "music/game/nether/dead_voxel",
              "stream": true
          },
          {
              "name": "music/game/nether/warmth",
              "stream": true
          }
      ]
  },
  "music.nether.nether_wastes": {
      "replace": true,
      "sounds": [
          {
              "name": "music/game/nether/nether1",
              "stream": true
          },
          {
              "name": "music/game/nether/nether2",
              "stream": true
          },
          {
              "name": "music/game/nether/nether3",
              "stream": true
          },
          {
              "name": "music/game/nether/nether4",
              "stream": true
          },
          {
              "name": "music/game/nether/ballad_of_the_cats",
              "stream": true
          },
          {
              "name": "music/game/nether/concrete_halls",
              "stream": true
          },
          {
              "name": "music/game/nether/dead_voxel",
              "stream": true
          },
          {
              "name": "music/game/nether/warmth",
              "stream": true
          }
      ]
  },
  "music.nether.soul_sand_valley": {
      "replace": true,
      "sounds": [
          {
              "name": "music/game/nether/nether1",
              "stream": true
          },
          {
              "name": "music/game/nether/nether2",
              "stream": true
          },
          {
              "name": "music/game/nether/nether3",
              "stream": true
          },
          {
              "name": "music/game/nether/nether4",
              "stream": true
          },
          {
              "name": "music/game/nether/ballad_of_the_cats",
              "stream": true
          },
          {
              "name": "music/game/nether/concrete_halls",
              "stream": true
          },
          {
              "name": "music/game/nether/dead_voxel",
              "stream": true
          },
          {
              "name": "music/game/nether/warmth",
              "stream": true
          }
      ]
  },
  "music.nether.warped_forest": {
      "replace": true,
      "sounds": [
          {
              "name": "music/game/nether/nether1",
              "stream": true
          },
          {
              "name": "music/game/nether/nether2",
              "stream": true
          },
          {
              "name": "music/game/nether/nether3",
              "stream": true
          },
          {
              "name": "music/game/nether/nether4",
              "stream": true
          },
          {
              "name": "music/game/nether/ballad_of_the_cats",
              "stream": true
          },
          {
              "name": "music/game/nether/concrete_halls",
              "stream": true
          },
          {
              "name": "music/game/nether/dead_voxel",
              "stream": true
          },
          {
              "name": "music/game/nether/warmth",
              "stream": true
          }
      ]
  },
  "music.overworld.deep_dark": {
      "replace": true,
      "sounds": [
      ]
  },
  "music.overworld.dripstone_caves": {
      "replace": true,
      "sounds": [
          {
              "name": "music/game/hal1",
              "stream": true
          },
          {
              "name": "music/game/hal4",
              "stream": true
          },
          {
              "name": "music/game/nuance1",
              "stream": true
          },
          {
              "name": "music/game/nuance2",
              "stream": true
          },
          {
              "name": "music/game/danny",
              "stream": true
          },
          {
              "name": "music/game/key",
              "stream": true
          },
          {
              "name": "music/game/oxygene",
              "stream": true
          },
          {
              "name": "music/game/subwoofer_lullaby",
              "stream": true
          },
          {
            "name": "music/game/water/shuniji",
            "stream": true
          }
      ]
  },
  "music.overworld.frozen_peaks": {
      "replace": true,
      "sounds": [
          {
              "name": "music/game/hal1",
              "stream": true
          },
          {
              "name": "music/game/hal2",
              "stream": true
          },
          {
              "name": "music/game/hal3",
              "stream": true
          },
          {
              "name": "music/game/hal4",
              "stream": true
          },
          {
              "name": "music/game/piano1",
              "stream": true
          },
          {
              "name": "music/game/piano2",
              "stream": true
          },
          {
              "name": "music/game/piano3",
              "stream": true
          },
          {
              "name": "music/game/danny",
              "stream": true
          },
          {
              "name": "music/game/dry_hands",
              "stream": true
          },
          {
              "name": "music/game/haggstrom",
              "stream": true
          },
          {
              "name": "music/game/living_mice",
              "stream": true
          },
          {
              "name": "music/game/mice_on_venus",
              "stream": true
          },
          {
              "name": "music/game/subwoofer_lullaby",
              "stream": true
          },
          {
              "name": "music/game/wet_hands",
              "stream": true
          },
          {
            "name": "music/game/water/shuniji",
            "stream": true
          }
      ]
  },
  "music.overworld.grove": {
      "replace": true,
      "sounds": [
          {
              "name": "music/game/calm1",
              "stream": true
          },
          {
              "name": "music/game/calm2",
              "stream": true
          },
          {
              "name": "music/game/calm3",
              "stream": true
          },
          {
              "name": "music/game/nuance1",
              "stream": true
          },
          {
              "name": "music/game/nuance2",
              "stream": true
          },
          {
              "name": "music/game/piano3",
              "stream": true
          },
          {
              "name": "music/game/clark",
              "stream": true
          },
          {
              "name": "music/game/key",
              "stream": true
          },
          {
              "name": "music/game/mice_on_venus",
              "stream": true
          },
          {
              "name": "music/game/minecraft",
              "stream": true
          },
          {
              "name": "music/game/oxygene",
              "stream": true
          },
          {
              "name": "music/game/sweden",
              "stream": true
          },
          {
            "name": "music/game/water/shuniji",
            "stream": true
          }
      ]
  },
  "music.overworld.jagged_peaks": {
      "replace": true,
      "sounds": [
          {
              "name": "music/game/hal1",
              "stream": true
          },
          {
              "name": "music/game/hal2",
              "stream": true
          },
          {
              "name": "music/game/nuance1",
              "stream": true
          },
          {
              "name": "music/game/nuance2",
              "stream": true
          },
          {
              "name": "music/game/piano1",
              "stream": true
          },
          {
              "name": "music/game/piano2",
              "stream": true
          },
          {
              "name": "music/game/piano3",
              "stream": true
          },
          {
              "name": "music/game/dry_hands",
              "stream": true
          },
          {
              "name": "music/game/key",
              "stream": true
          },
          {
              "name": "music/game/living_mice",
              "stream": true
          },
          {
              "name": "music/game/mice_on_venus",
              "stream": true
          },
          {
              "name": "music/game/oxygene",
              "stream": true
          },
          {
              "name": "music/game/subwoofer_lullaby",
              "stream": true
          },
          {
              "name": "music/game/wet_hands",
              "stream": true
          },
          {
            "name": "music/game/water/shuniji",
            "stream": true
          }
      ]
  },
  "music.overworld.jungle_and_forest": {
      "replace": true,
      "sounds": [
          {
              "name": "music/game/calm1",
              "stream": true
          },
          {
              "name": "music/game/calm2",
              "stream": true
          },
          {
              "name": "music/game/calm3",
              "stream": true
          },
          {
              "name": "music/game/hal1",
              "stream": true
          },
          {
              "name": "music/game/hal2",
              "stream": true
          },
          {
              "name": "music/game/hal3",
              "stream": true
          },
          {
              "name": "music/game/hal4",
              "stream": true
          },
          {
              "name": "music/game/nuance1",
              "stream": true
          },
          {
              "name": "music/game/nuance2",
              "stream": true
          },
          {
              "name": "music/game/piano1",
              "stream": true
          },
          {
              "name": "music/game/piano2",
              "stream": true
          },
          {
              "name": "music/game/piano3",
              "stream": true
          },
          {
            "name": "music/game/water/shuniji",
            "stream": true
          }
      ]
  },
  "music.overworld.lush_caves": {
      "replace": true,
      "sounds": [
          {
              "name": "music/game/calm1",
              "stream": true,
              "weight": 2
          },
          {
              "name": "music/game/calm2",
              "stream": true,
              "weight": 2
          },
          {
              "name": "music/game/calm3",
              "stream": true,
              "weight": 2
          },
          {
              "name": "music/game/piano3",
              "stream": true,
              "weight": 2
          },
          {
              "name": "music/game/clark",
              "stream": true,
              "weight": 2
          },
          {
              "name": "music/game/mice_on_venus",
              "stream": true,
              "weight": 2
          },
          {
              "name": "music/game/minecraft",
              "stream": true,
              "weight": 2
          },
          {
              "name": "music/game/sweden",
              "stream": true,
              "weight": 2
          },
          {
            "name": "music/game/water/shuniji",
            "stream": true
          }
      ]
  },
  "music.overworld.meadow": {
      "replace": true,
      "sounds": [
          {
              "name": "music/game/hal1",
              "stream": true
          },
          {
              "name": "music/game/hal2",
              "stream": true
          },
          {
              "name": "music/game/hal3",
              "stream": true
          },
          {
              "name": "music/game/hal4",
              "stream": true
          },
          {
              "name": "music/game/danny",
              "stream": true
          },
          {
              "name": "music/game/haggstrom",
              "stream": true
          },
          {
              "name": "music/game/living_mice",
              "stream": true
          },
          {
              "name": "music/game/subwoofer_lullaby",
              "stream": true
          },
          {
            "name": "music/game/water/shuniji",
            "stream": true
          }
      ]
  },
  "music.overworld.old_growth_taiga": {
      "replace": true,
      "sounds": [
          {
              "name": "music/game/calm1",
              "stream": true,
              "weight": 3
          },
          {
              "name": "music/game/calm2",
              "stream": true,
              "weight": 3
          },
          {
              "name": "music/game/calm3",
              "stream": true,
              "weight": 3
          },
          {
              "name": "music/game/hal1",
              "stream": true,
              "weight": 3
          },
          {
              "name": "music/game/hal2",
              "stream": true,
              "weight": 3
          },
          {
              "name": "music/game/hal3",
              "stream": true,
              "weight": 3
          },
          {
              "name": "music/game/hal4",
              "stream": true,
              "weight": 3
          },
          {
              "name": "music/game/nuance1",
              "stream": true,
              "weight": 3
          },
          {
              "name": "music/game/nuance2",
              "stream": true,
              "weight": 3
          },
          {
              "name": "music/game/piano1",
              "stream": true,
              "weight": 3
          },
          {
              "name": "music/game/piano2",
              "stream": true,
              "weight": 3
          },
          {
              "name": "music/game/piano3",
              "stream": true,
              "weight": 3
          },
          {
              "name": "music/game/clark",
              "stream": true,
              "weight": 3
          },
          {
              "name": "music/game/danny",
              "stream": true,
              "weight": 3
          },
          {
              "name": "music/game/dry_hands",
              "stream": true,
              "weight": 3
          },
          {
              "name": "music/game/haggstrom",
              "stream": true,
              "weight": 3
          },
          {
              "name": "music/game/key",
              "stream": true,
              "weight": 3
          },
          {
              "name": "music/game/living_mice",
              "stream": true,
              "weight": 3
          },
          {
              "name": "music/game/mice_on_venus",
              "stream": true,
              "weight": 3
          },
          {
              "name": "music/game/minecraft",
              "stream": true,
              "weight": 3
          },
          {
              "name": "music/game/oxygene",
              "stream": true,
              "weight": 3
          },
          {
              "name": "music/game/subwoofer_lullaby",
              "stream": true,
              "weight": 3
          },
          {
              "name": "music/game/sweden",
              "stream": true,
              "weight": 3
          },
          {
              "name": "music/game/wet_hands",
              "stream": true,
              "weight": 3
          },
          {
            "name": "music/game/water/shuniji",
            "stream": true
          }
      ]
  },
  "music.overworld.snowy_slopes": {
      "replace": true,
      "sounds": [
          {
              "name": "music/game/calm1",
              "stream": true,
              "weight": 3
          },
          {
              "name": "music/game/calm2",
              "stream": true,
              "weight": 3
          },
          {
              "name": "music/game/calm3",
              "stream": true,
              "weight": 3
          },
          {
              "name": "music/game/hal1",
              "stream": true,
              "weight": 3
          },
          {
              "name": "music/game/hal2",
              "stream": true,
              "weight": 3
          },
          {
              "name": "music/game/hal3",
              "stream": true,
              "weight": 3
          },
          {
              "name": "music/game/hal4",
              "stream": true,
              "weight": 3
          },
          {
              "name": "music/game/nuance1",
              "stream": true,
              "weight": 3
          },
          {
              "name": "music/game/nuance2",
              "stream": true,
              "weight": 3
          },
          {
              "name": "music/game/piano1",
              "stream": true,
              "weight": 3
          },
          {
              "name": "music/game/piano2",
              "stream": true,
              "weight": 3
          },
          {
              "name": "music/game/piano3",
              "stream": true,
              "weight": 3
          },
          {
              "name": "music/game/haggstrom",
              "stream": true
          },
          {
              "name": "music/game/living_mice",
              "stream": true
          },
          {
              "name": "music/game/subwoofer_lullaby",
              "stream": true
          },
          {
            "name": "music/game/water/shuniji",
            "stream": true
          }
      ]
  },
  "music.overworld.stony_peaks": {
      "replace": true,
      "sounds": [
          {
              "name": "music/game/hal1",
              "stream": true
          },
          {
              "name": "music/game/hal2",
              "stream": true
          },
          {
              "name": "music/game/hal3",
              "stream": true
          },
          {
              "name": "music/game/hal4",
              "stream": true
          },
          {
              "name": "music/game/piano1",
              "stream": true
          },
          {
              "name": "music/game/piano2",
              "stream": true
          },
          {
              "name": "music/game/piano3",
              "stream": true
          },
          {
              "name": "music/game/danny",
              "stream": true
          },
          {
              "name": "music/game/dry_hands",
              "stream": true
          },
          {
              "name": "music/game/haggstrom",
              "stream": true
          },
          {
              "name": "music/game/living_mice",
              "stream": true
          },
          {
              "name": "music/game/mice_on_venus",
              "stream": true
          },
          {
              "name": "music/game/subwoofer_lullaby",
              "stream": true
          },
          {
              "name": "music/game/wet_hands",
              "stream": true
          },
          {
            "name": "music/game/water/shuniji",
            "stream": true
          }
      ]
  },
  "music.overworld.swamp": {
      "replace": true,
      "sounds": [
          {
              "name": "music/game/calm1",
              "stream": true,
              "weight": 3
          },
          {
              "name": "music/game/calm2",
              "stream": true,
              "weight": 3
          },
          {
              "name": "music/game/calm3",
              "stream": true,
              "weight": 3
          },
          {
              "name": "music/game/hal1",
              "stream": true,
              "weight": 3
          },
          {
              "name": "music/game/hal2",
              "stream": true,
              "weight": 3
          },
          {
              "name": "music/game/hal3",
              "stream": true,
              "weight": 3
          },
          {
              "name": "music/game/hal4",
              "stream": true,
              "weight": 3
          },
          {
              "name": "music/game/nuance1",
              "stream": true,
              "weight": 3
          },
          {
              "name": "music/game/nuance2",
              "stream": true,
              "weight": 3
          },
          {
              "name": "music/game/piano1",
              "stream": true,
              "weight": 3
          },
          {
              "name": "music/game/piano2",
              "stream": true,
              "weight": 3
          },
          {
              "name": "music/game/piano3",
              "stream": true,
              "weight": 3
          },
          {
              "name": "music/game/danny",
              "stream": true
          },
          {
              "name": "music/game/dry_hands",
              "stream": true
          },
          {
              "name": "music/game/haggstrom",
              "stream": true
          },
          {
              "name": "music/game/living_mice",
              "stream": true
          },
          {
              "name": "music/game/mice_on_venus",
              "stream": true
          },
          {
              "name": "music/game/subwoofer_lullaby",
              "stream": true
          },
          {
              "name": "music/game/wet_hands",
              "stream": true
          },
          {
            "name": "music/game/water/shuniji",
            "stream": true
          }
      ]
  },
  "music.under_water": {
      "replace": true,
      "sounds": [
          {
              "name": "music/game/water/axolotl",
              "stream": true,
              "volume": 0.4
          },
          {
              "name": "music/game/water/dragon_fish",
              "stream": true,
              "volume": 0.4
          },
          {
              "name": "music/game/water/shuniji",
              "stream": true,
              "volume": 0.4
          }
      ]
  },
  "music.creative": {
      "replace": true,
      "sounds": [
          {
              "name": "music.game",
              "type": "event"
          },
          {
              "name": "music/game/creative/aria_math",
              "stream": true
          },
          {
              "name": "music/game/creative/biome_fest",
              "stream": true
          },
          {
              "name": "music/game/creative/blind_spots",
              "stream": true
          },
          {
              "name": "music/game/creative/dreiton",
              "stream": true
          },
          {
              "name": "music/game/creative/haunt_muskie",
              "stream": true
          },
          {
              "name": "music/game/creative/taswell",
              "stream": true
          }
      ]
  },
  "music.overworld.badlands": {
      "replace": true,
      "sounds": [
          {
              "name": "music/game/danny",
              "stream": true
          },
          {
              "name": "music/game/dry_hands",
              "stream": true
          },
          {
              "name": "music/game/haggstrom",
              "stream": true
          },
          {
              "name": "music/game/key",
              "stream": true
          },
          {
              "name": "music/game/living_mice",
              "stream": true
          },
          {
              "name": "music/game/mice_on_venus",
              "stream": true
          },
          {
              "name": "music/game/oxygene",
              "stream": true
          },
          {
              "name": "music/game/subwoofer_lullaby",
              "stream": true
          },
          {
              "name": "music/game/wet_hands",
              "stream": true
          }
      ]
  },
  "music.overworld.bamboo_jungle": {
      "replace": true,
      "sounds": [
          {
              "name": "music/game/danny",
              "stream": true
          },
          {
              "name": "music/game/dry_hands",
              "stream": true
          },
          {
              "name": "music/game/haggstrom",
              "stream": true
          },
          {
              "name": "music/game/key",
              "stream": true
          },
          {
              "name": "music/game/living_mice",
              "stream": true
          },
          {
              "name": "music/game/mice_on_venus",
              "stream": true
          },
          {
              "name": "music/game/oxygene",
              "stream": true
          },
          {
              "name": "music/game/subwoofer_lullaby",
              "stream": true
          },
          {
              "name": "music/game/wet_hands",
              "stream": true
          },
          {
            "name": "music/game/water/shuniji",
            "stream": true
          }
      ]
  },
  "music.overworld.cherry_grove": {
      "replace": true,
      "sounds": [
          {
              "name": "music/game/clark",
              "stream": true
          },
          {
              "name": "music/game/minecraft",
              "stream": true
          },
          {
              "name": "music/game/sweden",
              "stream": true
          },
          {
            "name": "music/game/water/shuniji",
            "stream": true
          }
      ]
  },
  "music.overworld.desert": {
      "replace": true,
      "sounds": [
          {
              "name": "music/game/danny",
              "stream": true
          },
          {
              "name": "music/game/haggstrom",
              "stream": true
          },
          {
              "name": "music/game/key",
              "stream": true
          },
          {
              "name": "music/game/living_mice",
              "stream": true
          },
          {
              "name": "music/game/oxygene",
              "stream": true
          },
          {
              "name": "music/game/subwoofer_lullaby",
              "stream": true
          },
          {
            "name": "music/game/water/shuniji",
            "stream": true
          }
      ]
  },
  "music.overworld.flower_forest": {
      "replace": true,
      "sounds": [
          {
              "name": "music/game/danny",
              "stream": true
          },
          {
              "name": "music/game/haggstrom",
              "stream": true
          },
          {
              "name": "music/game/key",
              "stream": true
          },
          {
              "name": "music/game/living_mice",
              "stream": true
          },
          {
              "name": "music/game/oxygene",
              "stream": true
          },
          {
              "name": "music/game/subwoofer_lullaby",
              "stream": true
          },
          {
            "name": "music/game/water/shuniji",
            "stream": true
          }
      ]
  },
  "music.overworld.forest": {
      "replace": true,
      "sounds": [
          {
              "name": "music/game/clark",
              "stream": true
          },
          {
              "name": "music/game/danny",
              "stream": true
          },
          {
              "name": "music/game/dry_hands",
              "stream": true
          },
          {
              "name": "music/game/haggstrom",
              "stream": true
          },
          {
              "name": "music/game/key",
              "stream": true
          },
          {
              "name": "music/game/living_mice",
              "stream": true
          },
          {
              "name": "music/game/mice_on_venus",
              "stream": true
          },
          {
              "name": "music/game/minecraft",
              "stream": true
          },
          {
              "name": "music/game/oxygene",
              "stream": true
          },
          {
              "name": "music/game/subwoofer_lullaby",
              "stream": true
          },
          {
              "name": "music/game/sweden",
              "stream": true
          },
          {
              "name": "music/game/wet_hands",
              "stream": true
          },
          {
            "name": "music/game/water/shuniji",
            "stream": true
          }
      ]
  },
  "music.overworld.jungle": {
      "replace": true,
      "sounds": [
          {
              "name": "music/game/danny",
              "stream": true
          },
          {
              "name": "music/game/dry_hands",
              "stream": true
          },
          {
              "name": "music/game/haggstrom",
              "stream": true
          },
          {
              "name": "music/game/key",
              "stream": true
          },
          {
              "name": "music/game/living_mice",
              "stream": true
          },
          {
              "name": "music/game/mice_on_venus",
              "stream": true
          },
          {
              "name": "music/game/oxygene",
              "stream": true
          },
          {
              "name": "music/game/subwoofer_lullaby",
              "stream": true
          },
          {
              "name": "music/game/wet_hands",
              "stream": true
          }
      ]
  },
  "music.overworld.sparse_jungle": {
      "replace": true,
      "sounds": [
          {
              "name": "music/game/danny",
              "stream": true
          },
          {
              "name": "music/game/dry_hands",
              "stream": true
          },
          {
              "name": "music/game/haggstrom",
              "stream": true
          },
          {
              "name": "music/game/key",
              "stream": true
          },
          {
              "name": "music/game/living_mice",
              "stream": true
          },
          {
              "name": "music/game/mice_on_venus",
              "stream": true
          },
          {
              "name": "music/game/oxygene",
              "stream": true
          },
          {
              "name": "music/game/subwoofer_lullaby",
              "stream": true
          },
          {
              "name": "music/game/wet_hands",
              "stream": true
          }
      ]
  }
}